All Ordinaries Index (1 June 2020),,,,,,,
Code,Company,Sector,Market Cap,Weight(%),,Total Index Market Cap,
3PL,3P Learning Ltd,Consumer Discretionary,"104,613,000",0.01,,"1,861,203,198,900",
A2B,A2B Australia Ltd,Industrials,"95,140,200",0.01,,,
ABP,Abacus Property Group,Real Estate,"1,679,500,000",0.09,,Sector Breakdown,
AX1,Accent Group Ltd,Consumer Discretionary,"731,925,000",0.04,,Consumer Discretionary,7.17
ADH,Adairs Ltd,Consumer Discretionary,"318,710,000",0.02,,Consumer Staples,5.91
ABC,Adbri Ltd,Materials,"1,930,710,000",0.1,,Energy,4.57
AML,Aeon Metals Ltd,Materials,"60,303,700",0,,Financials,23.91
APT,Afterpay Ltd,Information Technology,"12,767,000,000",0.69,,Health Care,11.89
AGL,AGL Energy Ltd,Utilities,"10,537,700,000",0.57,,Industrials,8.28
AGI,Ainsworth Game Technology Ltd,Consumer Discretionary,"149,873,000",0.01,,Information Technology,4.11
AJL,AJ Lucas Group Ltd,Industrials,"57,421,800",0,,Materials,19.66
AQG,Alacer Gold Corp,Materials,"574,730,000",0.03,,Real Estate,6.9
AQZ,Alliance Aviation Services Ltd,Industrials,"333,972,000",0.02,,Telecommunication Services,0
ALQ,Als Ltd,Industrials,"3,401,100,000",0.18,,Utilities,2.42
ALU,Altium Ltd,Information Technology,"4,886,330,000",0.26,,,
AJM,Altura Mining Ltd,Materials,"137,367,000",0.01,,,
AWC,Alumina Ltd,Materials,"4,362,960,000",0.23,,,
AMA,AMA Group Ltd,Industrials,"460,852,000",0.02,,,
AYS,Amaysim Australia Ltd,Utilities,"94,435,300",0.01,,,
AMC,Amcor Plc,Materials,"14,532,200,000",0.78,,,
AMP,AMP Ltd,Financials,"5,756,300,000",0.31,,,
AGG,Anglogold Ashanti Ltd,Materials,"682,439,000",0.04,,,
ANN,Ansell Ltd,Health Care,"4,596,140,000",0.25,,,
APE,AP Eagers Ltd,Consumer Discretionary,"1,677,770,000",0.09,,,
APA,APA Group,Utilities,"13,592,400,000",0.73,,,
AQR,Apn Convenience Retail REIT,Real Estate,"310,397,000",0.02,,,
ADI,Apn Industria REIT,Real Estate,"480,242,000",0.03,,,
APD,Apn Property Group,Financials,"174,911,000",0.01,,,
ATL,Apollo Tourism & Leisure Ltd,Consumer Discretionary,"67,014,300",0,,,
APX,Appen Ltd,Information Technology,"3,750,440,000",0.2,,,
ARB,ARB Corporation Ltd,Consumer Discretionary,"1,378,670,000",0.07,,,
ALG,Ardent Leisure Group Ltd,Consumer Discretionary,"201,477,000",0.01,,,
ARF,Arena REIT,Real Estate,"722,310,000",0.04,,,
AGY,Argosy Minerals Ltd,Materials,"68,306,600",0,,,
ALL,Aristocrat Leisure Ltd,Consumer Discretionary,"16,908,600,000",0.91,,,
ARQ,ARQ Group Ltd,Information Technology,"11,968,800",0,,,
AHY,Asaleo Care Ltd,Consumer Staples,"545,838,000",0.03,,,
ASX,ASX Ltd,Financials,"17,015,100,000",0.91,,,
ALX,Atlas Arteria,Industrials,"5,802,580,000",0.31,,,
AUB,AUB Group Ltd,Financials,"995,077,000",0.05,,,
AIA,Auckland International Airport Ltd,Industrials,"8,864,760,000",0.48,,,
AD8,Audinate Group Ltd,Information Technology,"423,878,000",0.02,,,
AKP,Audio Pixels Holdings Ltd,Consumer Discretionary,"625,751,000",0.03,,,
AMI,Aurelia Metals Ltd,Materials,"310,264,000",0.02,,,
AZJ,Aurizon Holdings Ltd,Industrials,"9,180,470,000",0.49,,,
AC8,Auscann Group Holdings Ltd,Health Care,"55,483,300",0,,,
AST,Ausnet Services Ltd,Utilities,"6,521,970,000",0.35,,,
ASB,Austal Ltd,Industrials,"1,301,370,000",0.07,,,
ANZ,Australia and New Zealand Banking Group Ltd,Financials,"51,193,000,000",2.75,,,
AAC,Australian Agricultural Company Ltd,Consumer Staples,"632,905,000",0.03,,,
AEF,Australian Ethical Investment Ltd,Financials,"803,568,000",0.04,,,
AFG,Australian Finance Group Ltd,Financials,"433,296,000",0.02,,,
AUZ,Australian Mines Ltd,Materials,"32,633,900",0,,,
API,Australian Pharmaceutical Industries Ltd,Health Care,"569,018,000",0.03,,,
AOF,Australian Unity Office Fund,Real Estate,"359,859,000",0.02,,,
AVG,Australian Vintage Ltd,Consumer Staples,"120,704,000",0.01,,,
ATS,Australis Oil & Gas Ltd,Energy,"28,592,900",0,,,
ABA,Auswide Bank Ltd,Financials,"194,351,000",0.01,,,
ASG,Autosports Group Ltd,Consumer Discretionary,"194,970,000",0.01,,,
AVN,Aventus Group,Real Estate,"1,066,880,000",0.06,,,
AVH,Avita Medical Ltd,Health Care,"1,045,380,000",0.06,,,
AVJ,Avjennings Ltd,Real Estate,"168,586,000",0.01,,,
AVZ,AVZ Minerals Ltd,Materials,"169,571,000",0.01,,,
BBN,Baby Bunting Group Ltd,Consumer Discretionary,"412,033,000",0.02,,,
BOQ,Bank of Queensland Ltd,Financials,"2,380,720,000",0.13,,,
BAP,Bapcor Ltd,Consumer Discretionary,"1,999,140,000",0.11,,,
BSE,Base Resources Ltd,Materials,"199,174,000",0.01,,,
BRL,Bathurst Resources Ltd,Materials,"94,023,600",0.01,,,
BPT,Beach Energy Ltd,Energy,"3,808,950,000",0.2,,,
BLX,Beacon Lighting Group Ltd,Consumer Discretionary,"213,594,000",0.01,,,
BGA,Bega Cheese Ltd,Consumer Staples,"1,140,810,000",0.06,,,
BFG,Bell Financial Group Ltd,Financials,"360,837,000",0.02,,,
BGL,Bellevue Gold Ltd,Materials,"627,488,000",0.03,,,
BEN,Bendigo and Adelaide Bank Ltd,Financials,"3,291,010,000",0.18,,,
BHP,BHP Group Ltd,Materials,"105,196,000,000",5.65,,,
BIN,Bingo Industries Ltd,Industrials,"1,654,140,000",0.09,,,
BKL,Blackmores Ltd,Consumer Staples,"1,444,250,000",0.08,,,
BSL,Bluescope Steel Ltd,Materials,"5,639,540,000",0.3,,,
BLD,Boral Ltd,Materials,"4,069,170,000",0.22,,,
BXB,Brambles Ltd,Industrials,"17,635,900,000",0.95,,,
BVS,Bravura Solutions Ltd,Information Technology,"1,194,840,000",0.06,,,
BRG,Breville Group Ltd,Consumer Discretionary,"3,076,680,000",0.17,,,
BKW,Brickworks Ltd,Materials,"2,343,520,000",0.13,,,
BUB,Bubs Australia Ltd,Consumer Staples,"588,310,000",0.03,,,
BWP,BWP Trust,Real Estate,"2,370,400,000",0.13,,,
BWX,BWX Ltd,Consumer Staples,"469,665,000",0.03,,,
BYE,Byron Energy Ltd,Energy,"123,828,000",0.01,,,
CAN,Cann Group Ltd,Health Care,"164,665,000",0.01,,,
CAJ,Capitol Health Ltd,Health Care,"219,858,000",0.01,,,
CDV,Cardinal Resources Ltd,Materials,"205,010,000",0.01,,,
CDD,Cardno Ltd,Industrials,"129,635,000",0.01,,,
CDP,Carindale Property Trust,Real Estate,"254,800,000",0.01,,,
CAR,Carsales.com Ltd,Communication Services,"3,995,770,000",0.21,,,
CCV,Cash Converters International,Financials,"132,534,000",0.01,,,
CAT,Catapult Group International Ltd,Information Technology,"266,299,000",0.01,,,
CCX,City Chic Collective Ltd,Consumer Discretionary,"542,106,000",0.03,,,
CCL,Coca-Cola Amatil Ltd,Consumer Staples,"6,298,800,000",0.34,,,
CDA,Codan Ltd,Information Technology,"1,292,350,000",0.07,,,
CBA,Commonwealth Bank of Australia,Financials,"113,118,000,000",6.08,,,
CCP,Credit Corp Group Ltd,Financials,"1,065,190,000",0.06,,,
A2M,The a2 Milk Company Ltd,Consumer Staples,"12,806,500,000",0.69,,,
CEN,Contact Energy Ltd,Utilities,"1,138,620,000",0.06,,,
CGC,Costa Group Holdings Ltd,Consumer Staples,"1,282,660,000",0.07,,,
CGF,Challenger Ltd,Financials,"3,024,760,000",0.16,,,
CGL,The Citadel Group Ltd,Information Technology,"222,731,000",0.01,,,
CHC,Charter Hall Group,Real Estate,"4,541,330,000",0.24,,,
CIA,Champion Iron Ltd,Materials,"1,387,700,000",0.07,,,
CII,Ci Resources Ltd,Materials,"86,685,800",0,,,
CIM,Cimic Group Ltd,Industrials,"8,169,790,000",0.44,,,
CIP,Centuria Industrial REIT,Real Estate,"1,164,800,000",0.06,,,
CKF,Collins Foods Ltd,Consumer Discretionary,"927,987,000",0.05,,,
CL1,Class Ltd,Information Technology,"172,476,000",0.01,,,
CLH,Collection House Ltd,Financials,"154,014,000",0.01,,,
CLQ,Clean TEQ Holdings Ltd,Industrials,"145,560,000",0.01,,,
CLV,Clover Corporation Ltd,Materials,"389,166,000",0.02,,,
CLW,Charter Hall Long Wale REIT,Real Estate,"2,078,720,000",0.11,,,
CMW,Cromwell Property Group,Real Estate,"2,129,490,000",0.11,,,
CNI,Centuria Capital Group,Financials,"883,940,000",0.05,,,
CNU,Chorus Ltd,,"3,107,000,000",0.17,,,
COE,Cooper Energy Ltd,Energy,"683,192,000",0.04,,,
COF,Centuria Office REIT,Real Estate,"1,003,320,000",0.05,,,
COG,Consolidated Operations Group Ltd,Financials,"72,299,900",0,,,
COH,Cochlear Ltd,Health Care,"12,744,000,000",0.68,,,
COI,Comet Ridge Ltd,Energy,"82,845,000",0,,,
COL,Coles Group Ltd,Consumer Staples,"20,649,200,000",1.11,,,
CPU,Computershare Ltd,Information Technology,"7,177,470,000",0.39,,,
CQE,Charter Hall Social Infrastructure REIT,Real Estate,"854,677,000",0.05,,,
CQR,Charter Hall Retail REIT,Real Estate,"1,844,150,000",0.1,,,
CRN,Coronado Global Resources Inc,Materials,"1,130,820,000",0.06,,,
CSL,CSL Ltd,Health Care,"129,254,000,000",6.94,,,
CSR,CSR Ltd,Materials,"2,043,460,000",0.11,,,
CTD,Corporate Travel Management Ltd,Consumer Discretionary,"1,320,000,000",0.07,,,
CTX,Caltex Australia Ltd,Energy,"6,322,580,000",0.34,,,
CUV,Clinuvel Pharmaceuticals Ltd,Health Care,"1,148,790,000",0.06,,,
CVC,CVC Ltd,Financials,"146,697,000",0.01,,,
CVN,Carnarvon Petroleum Ltd,Energy,"336,342,000",0.02,,,
CVW,Clearview Wealth Ltd,Financials,"179,165,000",0.01,,,
CWN,Crown Resorts Ltd,Consumer Discretionary,"6,541,350,000",0.35,,,
CWP,Cedar Woods Properties Ltd,Real Estate,"446,485,000",0.02,,,
CWY,Cleanaway Waste Management Ltd,Industrials,"4,087,350,000",0.22,,,
DCG,Decmil Group Ltd,Industrials,"47,852,800",0,,,
DCN,Dacian Gold Ltd,Materials,"255,882,000",0.01,,,
DDR,Dicker Data Ltd,Information Technology,"1,366,030,000",0.07,,,
DHG,Domain Holdings Australia Ltd,Communication Services,"1,764,480,000",0.09,,,
DMP,Domino's PIZZA Enterprises Ltd,Consumer Discretionary,"5,357,120,000",0.29,,,
DNK,Danakali Ltd,Materials,"125,903,000",0.01,,,
DOW,Downer Edi Ltd,Industrials,"2,670,210,000",0.14,,,
DTL,Data#3 Ltd,Information Technology,"865,339,000",0.05,,,
DWS,DWS Ltd,Information Technology,"102,169,000",0.01,,,
DXS,Dexus,Real Estate,"10,017,200,000",0.54,,,
ECX,Eclipx Group Ltd,Financials,"383,564,000",0.02,,,
ED1,Evans Dixon Ltd,Financials,"130,222,000",0.01,,,
EGN,Engenco Ltd,Industrials,"141,021,000",0.01,,,
EHE,Estia Health Ltd,Health Care,"390,602,000",0.02,,,
EHL,Emeco Holdings Ltd,Industrials,"399,878,000",0.02,,,
ELD,Elders Ltd,Consumer Staples,"1,534,940,000",0.08,,,
ELO,Elmo Software Ltd,Information Technology,"567,623,000",0.03,,,
EML,EML Payments Ltd,Information Technology,"1,338,090,000",0.07,,,
ENN,Elanor Investors Group,Consumer Discretionary,"146,271,000",0.01,,,
EOS,Electro Optic Systems Holdings Ltd,Industrials,"819,448,000",0.04,,,
EQT,EQT Holdings Ltd,Financials,"524,172,000",0.03,,,
ERA,Energy Resources of Australia Ltd,Energy,"627,535,000",0.03,,,
ERF,Elanor Retail Property Fund,Real Estate,"93,972,700",0.01,,,
EVN,Evolution Mining Ltd,Materials,"10,737,800,000",0.58,,,
EVT,Event Hospitality and Entertainment Ltd,Communication Services,"1,486,220,000",0.08,,,
EWC,Energy World Corporation Ltd,Utilities,"116,716,000",0.01,,,
EXP,Experience Co Ltd,Consumer Discretionary,"80,592,700",0,,,
EZL,EUROZ Ltd,Financials,"151,955,000",0.01,,,
FAR,FAR Ltd,Energy,"149,682,000",0.01,,,
FBR,FBR Ltd,Industrials,"41,353,300",0,,,
FBU,Fletcher Building Ltd,Materials,"2,926,110,000",0.16,,,
FID,Fiducian Group Ltd,Financials,"165,388,000",0.01,,,
FLC,Fluence Corporation Ltd,Industrials,"168,711,000",0.01,,,
FLN,Freelancer Ltd,Industrials,"234,663,000",0.01,,,
FLT,Flight Centre Travel Group Ltd,Consumer Discretionary,"2,715,050,000",0.15,,,
FMG,Fortescue Metals Group Ltd,Materials,"45,537,900,000",2.45,,,
FMS,Flinders Mines Ltd,Materials,"80,494,300",0,,,
FNP,Freedom Foods Group Ltd,Consumer Staples,"966,733,000",0.05,,,
FPH,Fisher & Paykel Healthcare Corporation Ltd,Health Care,"15,882,800,000",0.85,,,
FRI,Finbar Group Ltd,Real Estate,"182,323,000",0.01,,,
FSA,FSA Group Ltd,Financials,"116,062,000",0.01,,,
FWD,Fleetwood Corporation Ltd,Consumer Discretionary,"160,839,000",0.01,,,
FXL,Flexigroup Ltd,Financials,"453,550,000",0.02,,,
GDF,Garda Property Group,Real Estate,"224,230,000",0.01,,,
GDI,GDI Property Group,Real Estate,"599,121,000",0.03,,,
GEM,G8 Education Ltd,Consumer Discretionary,"861,797,000",0.05,,,
GLL,Galilee Energy Ltd,Energy,"124,867,000",0.01,,,
GMA,Genworth Mortgage Insurance Australia Ltd,Financials,"882,780,000",0.05,,,
GMG,Goodman Group,Real Estate,"28,139,300,000",1.51,,,
GNC,Graincorp Ltd,Consumer Staples,"1,009,250,000",0.05,,,
GNE,Genesis Energy Ltd,Utilities,"2,863,190,000",0.15,,,
GNG,GR Engineering Services Ltd,Materials,"106,768,000",0.01,,,
GOR,Gold Road Resources Ltd,Materials,"1,636,270,000",0.09,,,
GOW,Gowing Bros Ltd,Financials,"75,859,400",0,,,
GOZ,Growthpoint Properties Australia,Real Estate,"2,477,410,000",0.13,,,
GPT,GPT Group,Real Estate,"7,791,720,000",0.42,,,
GRR,Grange Resources Ltd,Materials,"283,548,000",0.02,,,
GTN,GTN Ltd,Communication Services,"114,098,000",0.01,,,
GUD,G.U.D. Holdings Ltd,Consumer Discretionary,"922,500,000",0.05,,,
GWA,GWA Group Ltd,Industrials,"818,238,000",0.04,,,
GXY,Galaxy Resources Ltd,Materials,"319,394,000",0.02,,,
HAS,Hastings Technology Metals Ltd,Materials,"118,957,000",0.01,,,
HE8,Helios Energy Ltd,Energy,"129,641,000",0.01,,,
HFR,Highfield Resources Ltd,Materials,"191,124,000",0.01,,,
HLO,Helloworld Travel Ltd,Consumer Discretionary,"379,151,000",0.02,,,
HLS,Healius Ltd,Health Care,"1,538,170,000",0.08,,,
HPI,Hotel Property Investments,Real Estate,"425,596,000",0.02,,,
HRR,Heron Resources Ltd,Materials,"20,147,200",0,,,
HSN,Hansen Technologies Ltd,Information Technology,"628,269,000",0.03,,,
HT1,HT&E Ltd,Communication Services,"323,219,000",0.02,,,
HTA,Hutchison Telecommunications (Australia) Ltd,,"2,103,740,000",0.11,,,
HUB,HUB24 Ltd,Financials,"651,086,000",0.03,,,
HUO,Huon Aquaculture Group Ltd,Consumer Staples,"305,533,000",0.02,,,
HVN,Harvey Norman Holdings Ltd,Consumer Discretionary,"4,186,580,000",0.22,,,
HZN,Horizon Oil Ltd,Energy,"92,440,700",0,,,
IAG,Insurance Australia Group Ltd,Financials,"13,935,600,000",0.75,,,
IAP,Investec Australia Property Fund,Real Estate,"718,275,000",0.04,,,
IDX,Integral Diagnostics Ltd,Health Care,"708,650,000",0.04,,,
IEL,Idp Education Ltd,Consumer Discretionary,"4,776,250,000",0.26,,,
IFL,IOOF Holdings Ltd,Financials,"1,688,680,000",0.09,,,
IFM,Infomedia Ltd,Information Technology,"604,749,000",0.03,,,
IFN,Infigen Energy,Utilities,"582,419,000",0.03,,,
IGL,Ive Group Ltd,Communication Services,"169,697,000",0.01,,,
IGO,IGO Ltd,Materials,"3,060,330,000",0.16,,,
ILU,Iluka Resources Ltd,Materials,"3,606,230,000",0.19,,,
IMD,IMDEX Ltd,Materials,"448,206,000",0.02,,,
INA,Ingenia Communities Group,Real Estate,"1,368,240,000",0.07,,,
ING,Inghams Group Ltd,Consumer Staples,"1,233,980,000",0.07,,,
INR,Ioneer Ltd,Materials,"193,187,000",0.01,,,
IPH,IPH Ltd,Industrials,"1,629,410,000",0.09,,,
IPL,Incitec Pivot Ltd,Materials,"3,807,750,000",0.2,,,
IRE,Iress Ltd,Information Technology,"1,978,000,000",0.11,,,
IRI,Integrated Research Ltd,Information Technology,"592,920,000",0.03,,,
ISU,Iselect Ltd,Consumer Discretionary,"54,465,300",0,,,
ISX,Isignthis Ltd,Information Technology,"1,172,250,000",0.06,,,
ITG,Intega Group Ltd,Industrials,"133,580,000",0.01,,,
IVC,Invocare Ltd,Consumer Discretionary,"1,634,850,000",0.09,,,
JBH,JB Hi-Fi Ltd,Consumer Discretionary,"4,360,970,000",0.23,,,
JHC,Japara Healthcare Ltd,Health Care,"150,995,000",0.01,,,
JHG,Janus Henderson Group Plc,Financials,"1,234,170,000",0.07,,,
JHX,James Hardie Industries Plc,Materials,"11,690,200,000",0.63,,,
JIN,Jumbo Interactive Ltd,Consumer Discretionary,"740,970,000",0.04,,,
JLG,Johns LYNG Group Ltd,Industrials,"564,868,000",0.03,,,
JMS,Jupiter Mines Ltd,Materials,"568,107,000",0.03,,,
KAR,Karoon Energy Ltd,Energy,"326,261,000",0.02,,,
KGN,Kogan.com Ltd,Consumer Discretionary,"1,037,090,000",0.06,,,
KMD,Kathmandu Holdings Ltd,Consumer Discretionary,"687,731,000",0.04,,,
KSC,K & S Corporation Ltd,Industrials,"187,383,000",0.01,,,
KSL,Kina Securities Ltd,Financials,"177,366,000",0.01,,,
LEP,Ale Property Group,Real Estate,"927,945,000",0.05,,,
LIC,Lifestyle Communities Ltd,Real Estate,"984,815,000",0.05,,,
LLC,Lendlease Group,Real Estate,"8,688,540,000",0.47,,,
LNG,Liquefied Natural Gas Ltd,Energy,"24,796,700",0,,,
LNK,Link Administration Holdings Ltd,Information Technology,"2,163,740,000",0.12,,,
LOV,Lovisa Holdings Ltd,Consumer Discretionary,"837,111,000",0.04,,,
LVH,Livehire Ltd,Information Technology,"83,218,700",0,,,
LVT,Livetiles Ltd,Information Technology,"225,506,000",0.01,,,
LYC,Lynas Corporation Ltd,Materials,"1,464,490,000",0.08,,,
LYL,Lycopodium Ltd,Industrials,"187,537,000",0.01,,,
MAH,Macmahon Holdings Ltd,Materials,"560,296,000",0.03,,,
MAQ,Macquarie Telecom Group Ltd,,"681,811,000",0.04,,,
MCP,Mcpherson's Ltd,Consumer Staples,"285,324,000",0.02,,,
MEZ,Meridian Energy Ltd,Utilities,"5,647,520,000",0.3,,,
MFG,Magellan Financial Group Ltd,Financials,"10,668,900,000",0.57,,,
MGR,Mirvac Group,Real Estate,"9,048,070,000",0.49,,,
MGX,Mount Gibson Iron Ltd,Materials,"850,897,000",0.05,,,
MHJ,Michael Hill International Ltd,Consumer Discretionary,"141,538,000",0.01,,,
MIN,Mineral Resources Ltd,Materials,"3,656,310,000",0.2,,,
MLD,Maca Ltd,Materials,"255,947,000",0.01,,,
MLX,Metals X Ltd,Materials,"84,375,700",0,,,
MMI,Metro Mining Ltd,Materials,"145,834,000",0.01,,,
MMS,Mcmillan Shakespeare Ltd,Industrials,"684,049,000",0.04,,,
MND,Monadelphous Group Ltd,Industrials,"1,123,480,000",0.06,,,
MNF,MNF Group Ltd,,"446,851,000",0.02,,,
MNS,Magnis Energy Technologies Ltd,Materials,"49,665,500",0,,,
MNY,MONEY3 Corporation Ltd,Financials,"330,734,000",0.02,,,
MOC,Mortgage Choice Ltd,Financials,"100,623,000",0.01,,,
MOE,Moelis Australia Ltd,Financials,"563,756,000",0.03,,,
MOZ,Mosaic Brands Ltd,Consumer Discretionary,"85,195,400",0,,,
MP1,Megaport Ltd,Information Technology,"2,125,650,000",0.11,,,
MPL,Medibank Private Ltd,Financials,"7,766,290,000",0.42,,,
MQG,Macquarie Group Ltd,Financials,"39,155,600,000",2.1,,,
MRM,Mma Offshore Ltd,Energy,"67,578,400",0,,,
MSB,Mesoblast Ltd,Health Care,"2,281,850,000",0.12,,,
MTO,Motorcycle Holdings Ltd,Consumer Discretionary,"104,901,000",0.01,,,
MTS,Metcash Ltd,Consumer Staples,"2,750,160,000",0.15,,,
MVF,Monash Ivf Group Ltd,Health Care,"220,144,000",0.01,,,
MVP,Medical Developments International Ltd,Health Care,"526,300,000",0.03,,,
MWY,Midway Ltd,Materials,"84,716,100",0,,,
MYR,Myer Holdings Ltd,Consumer Discretionary,"225,852,000",0.01,,,
MYS,Mystate Ltd,Financials,"363,435,000",0.02,,,
MYX,Mayne Pharma Group Ltd,Health Care,"713,604,000",0.04,,,
NAB,National Australia Bank Ltd,Financials,"57,372,200,000",3.08,,,
NAN,Nanosonics Ltd,Health Care,"2,164,350,000",0.12,,,
NCK,Nick Scali Ltd,Consumer Discretionary,"461,700,000",0.02,,,
NCM,Newcrest Mining Ltd,Materials,"25,395,500,000",1.36,,,
NCZ,New Century Resources Ltd,Materials,"149,441,000",0.01,,,
NEA,Nearmap Ltd,Information Technology,"991,448,000",0.05,,,
NEC,Nine Entertainment Co. Holdings Ltd,Communication Services,"2,558,090,000",0.14,,,
NEU,Neuren Pharmaceuticals Ltd,Health Care,"179,802,000",0.01,,,
NEW,NEW Energy Solar,Utilities,"393,976,000",0.02,,,
NGI,Navigator Global Investments Ltd,Financials,"208,360,000",0.01,,,
NHC,New Hope Corporation Ltd,Energy,"1,139,440,000",0.06,,,
NHF,Nib Holdings Ltd,Financials,"2,096,800,000",0.11,,,
NIC,Nickel Mines Ltd,Materials,"941,369,000",0.05,,,
NMT,Neometals Ltd,Materials,"92,567,900",0,,,
NSR,National Storage REIT,Real Estate,"1,808,630,000",0.1,,,
NST,Northern Star Resources Ltd,Materials,"11,226,500,000",0.6,,,
NUF,Nufarm Ltd,Materials,"2,122,490,000",0.11,,,
NWH,NRW Holdings Ltd,Industrials,"829,903,000",0.04,,,
NWL,Netwealth Group Ltd,Financials,"1,946,720,000",0.1,,,
NWS,News Corporation,Communication Services,"885,415,000",0.05,,,
NXT,NEXTDC Ltd,Information Technology,"4,090,870,000",0.22,,,
OBL,Omni Bridgeway Ltd,Financials,"1,161,870,000",0.06,,,
OCL,Objective Corporation Ltd,Information Technology,"679,221,000",0.04,,,
OFX,OFX Group Ltd,Financials,"323,134,000",0.02,,,
OGC,Oceanagold Corporation,Materials,"227,101,000",0.01,,,
OMH,Om Holdings Ltd,Materials,"306,529,000",0.02,,,
OML,Ooh!Media Ltd,Communication Services,"645,049,000",0.03,,,
ONT,1300 Smiles Ltd,Health Care,"122,180,000",0.01,,,
OPT,Opthea Ltd,Health Care,"888,221,000",0.05,,,
ORA,Orora Ltd,Materials,"3,233,920,000",0.17,,,
ORE,Orocobre Ltd,Materials,"681,647,000",0.04,,,
ORG,Origin Energy Ltd,Energy,"10,708,200,000",0.58,,,
ORI,Orica Ltd,Materials,"7,041,830,000",0.38,,,
OSH,Oil Search Ltd,Energy,"7,376,370,000",0.4,,,
OTW,Over the Wire Holdings Ltd,Information Technology,"169,414,000",0.01,,,
OVH,Onevue Holdings Ltd,Financials,"100,471,000",0.01,,,
OZL,OZ Minerals Ltd,Materials,"3,121,930,000",0.17,,,
PAC,Pacific Current Group Ltd,Financials,"249,537,000",0.01,,,
PAN,Panoramic Resources Ltd,Materials,"64,103,000",0,,,
PAR,Paradigm Biopharmaceuticals Ltd,Health Care,"707,922,000",0.04,,,
PCG,Pengana Capital Group Ltd,Financials,"124,662,000",0.01,,,
PDL,Pendal Group Ltd,Financials,"2,014,290,000",0.11,,,
PDN,Paladin Energy Ltd,Energy,"223,068,000",0.01,,,
PET,Phoslock Environmental Technologies Ltd,Industrials,"315,843,000",0.02,,,
PFP,Propel Funeral Partners Ltd,Consumer Discretionary,"293,244,000",0.02,,,
PGC,Paragon Care Ltd,Health Care,"55,751,100",0,,,
PGH,Pact Group Holdings Ltd,Materials,"787,745,000",0.04,,,
PLS,Pilbara Minerals Ltd,Materials,"589,282,000",0.03,,,
PME,Pro Medicus Ltd,Health Care,"3,047,720,000",0.16,,,
PMV,Premier Investments Ltd,Consumer Discretionary,"2,603,080,000",0.14,,,
PNI,Pinnacle Investment Management Group Ltd,Financials,"781,508,000",0.04,,,
PNR,Pantoro Ltd,Materials,"252,828,000",0.01,,,
PNV,Polynovo Ltd,Health Care,"1,778,330,000",0.1,,,
PPC,Peet Ltd,Real Estate,"449,469,000",0.02,,,
PPE,People Infrastructure Ltd,Industrials,"192,741,000",0.01,,,
PPG,Pro-Pac Packaging Ltd,Materials,"150,055,000",0.01,,,
PPH,Pushpay Holdings Ltd,Information Technology,"1,896,450,000",0.1,,,
PPS,Praemium Ltd,Information Technology,"153,240,000",0.01,,,
PPT,Perpetual Ltd,Financials,"1,449,620,000",0.08,,,
PRN,Perenti Global Ltd,Materials,"866,264,000",0.05,,,
PRU,Perseus Mining Ltd,Materials,"1,553,510,000",0.08,,,
PSI,PSC Insurance Group Ltd,Financials,"679,150,000",0.04,,,
PSQ,Pacific Smiles Group Ltd,Health Care,"220,295,000",0.01,,,
PTM,Platinum Asset Management Ltd,Financials,"2,211,780,000",0.12,,,
PVS,Pivotal Systems Corporation,Information Technology,"94,495,500",0.01,,,
PWH,PWR Holdings Ltd,Consumer Discretionary,"424,372,000",0.02,,,
QAN,Qantas Airways Ltd,Industrials,"5,978,080,000",0.32,,,
QBE,QBE Insurance Group Ltd,Financials,"12,840,900,000",0.69,,,
QIP,QANTM Intellectual Property Ltd,Industrials,"144,371,000",0.01,,,
QUB,QUBE Holdings Ltd,Industrials,"5,160,840,000",0.28,,,
RBL,Redbubble Ltd,Consumer Discretionary,"333,110,000",0.02,,,
RCT,Reef Casino Trust,Consumer Discretionary,"91,498,800",0,,,
RDC,Redcape Hotel Group,Consumer Discretionary,"422,429,000",0.02,,,
REA,REA Group Ltd,Communication Services,"13,540,300,000",0.73,,,
REG,Regis Healthcare Ltd,Health Care,"439,093,000",0.02,,,
REH,Reece Ltd,Industrials,"6,111,010,000",0.33,,,
REX,Regional Express Holdings Ltd,Industrials,"118,967,000",0.01,,,
RFF,Rural Funds Group,Real Estate,"665,295,000",0.04,,,
RHC,Ramsay Health Care Ltd,Health Care,"15,941,600,000",0.86,,,
RHP,Rhipe Ltd,Information Technology,"303,735,000",0.02,,,
RIC,Ridley Corporation Ltd,Consumer Staples,"230,138,000",0.01,,,
RIO,RIO Tinto Ltd,Materials,"36,093,400,000",1.94,,,
RMC,Resimac Group Ltd,Financials,"383,002,000",0.02,,,
RMD,Resmed Inc,Health Care,"8,585,750,000",0.46,,,
RMS,Ramelius Resources Ltd,Materials,"1,413,350,000",0.08,,,
RRL,Regis Resources Ltd,Materials,"2,779,750,000",0.15,,,
RSG,Resolute Mining Ltd,Materials,"1,295,820,000",0.07,,,
RUL,Rpmglobal Holdings Ltd,Information Technology,"215,237,000",0.01,,,
RWC,Reliance Worldwide Corporation Ltd,Industrials,"2,417,690,000",0.13,,,
S32,SOUTH32 Ltd,Materials,"9,450,220,000",0.51,,,
SAR,Saracen Mineral Holdings Ltd,Materials,"5,768,120,000",0.31,,,
SBM,ST Barbara Ltd,Materials,"2,285,060,000",0.12,,,
SCG,Scentre Group,Real Estate,"11,366,900,000",0.61,,,
SCP,Shopping Centres Australasia Property Group,Real Estate,"2,410,690,000",0.13,,,
SDA,Speedcast International Ltd,,"189,396,000",0.01,,,
SDF,Steadfast Group Ltd,Financials,"2,883,110,000",0.15,,,
SDG,Sunland Group Ltd,Real Estate,"159,500,000",0.01,,,
SEK,Seek Ltd,Communication Services,"7,129,440,000",0.38,,,
SFC,Schaffer Corporation Ltd,Consumer Discretionary,"166,107,000",0.01,,,
SFG,Seafarms Group Ltd,Consumer Staples,"127,354,000",0.01,,,
SFR,Sandfire Resources Ltd,Materials,"811,044,000",0.04,,,
SFX,Sheffield Resources Ltd,Materials,"35,530,300",0,,,
SGF,SG Fleet Group Ltd,Industrials,"443,050,000",0.02,,,
SGH,Slater & Gordon Ltd,Consumer Discretionary,"117,664,000",0.01,,,
SGM,Sims Ltd,Materials,"1,572,670,000",0.08,,,
SGP,Stockland,Real Estate,"8,416,760,000",0.45,,,
SGR,The Star Entertainment Group Ltd,Consumer Discretionary,"2,788,660,000",0.15,,,
SHJ,Shine Justice Ltd,Consumer Discretionary,"152,470,000",0.01,,,
SHL,Sonic Healthcare Ltd,Health Care,"13,390,600,000",0.72,,,
SHV,Select Harvests Ltd,Consumer Staples,"590,540,000",0.03,,,
SIG,Sigma Healthcare Ltd,Health Care,"630,317,000",0.03,,,
SIQ,Smartgroup Corporation Ltd,Industrials,"876,779,000",0.05,,,
SKC,Skycity Entertainment Group Ltd,Consumer Discretionary,"1,607,940,000",0.09,,,
SKI,Spark Infrastructure Group,Utilities,"3,598,390,000",0.19,,,
SKT,Sky Network Television Ltd,Communication Services,"69,796,200",0,,,
SLC,Superloop Ltd,,"402,453,000",0.02,,,
SLK,Sealink Travel Group Ltd,Consumer Discretionary,"960,956,000",0.05,,,
SLR,Silver Lake Resources Ltd,Materials,"1,988,450,000",0.11,,,
SM1,Synlait Milk Ltd,Consumer Staples,"1,194,180,000",0.06,,,
SMR,Stanmore Coal Ltd,Energy,"242,010,000",0.01,,,
SNL,Supply Network Ltd,Consumer Discretionary,"173,236,000",0.01,,,
SOL,Washington H Soul Pattinson & Company Ltd,Energy,"4,637,090,000",0.25,,,
SPK,Spark New Zealand Ltd,,"7,458,400,000",0.4,,,
SPL,Starpharma Holdings Ltd,Health Care,"393,054,000",0.02,,,
SRG,SRG Global Ltd,Industrials,"86,930,300",0,,,
SRV,Servcorp Ltd,Real Estate,"254,631,000",0.01,,,
SSM,Service Stream Ltd,Industrials,"824,213,000",0.04,,,
SST,Steamships Trading Company Ltd,Industrials,"294,578,000",0.02,,,
STO,Santos Ltd,Energy,"11,456,900,000",0.62,,,
STX,Strike Energy Ltd,Energy,"332,718,000",0.02,,,
SUL,Super Retail Group Ltd,Consumer Discretionary,"1,687,030,000",0.09,,,
SUN,Suncorp Group Ltd,Financials,"11,588,100,000",0.62,,,
SVW,Seven Group Holdings Ltd,Industrials,"5,633,340,000",0.3,,,
SWM,Seven West Media Ltd,Communication Services,"141,499,000",0.01,,,
SXE,Southern Cross Electrical Engineering Ltd,Industrials,"111,427,000",0.01,,,
SXL,Southern Cross Media Group Ltd,Communication Services,"594,474,000",0.03,,,
SXY,SENEX Energy Ltd,Energy,"335,162,000",0.02,,,
SYD,Sydney Airport,Industrials,"13,333,000,000",0.72,,,
SYR,Syrah Resources Ltd,Materials,"122,295,000",0.01,,,
TAH,Tabcorp Holdings Ltd,Consumer Discretionary,"6,605,010,000",0.35,,,
TBR,Tribune Resources Ltd,Materials,"405,738,000",0.02,,,
TCL,Transurban Group,Industrials,"39,358,100,000",2.11,,,
TER,Terracom Ltd,Energy,"110,859,000",0.01,,,
TGN,Tungsten Mining NL,Materials,"88,597,600",0,,,
TGP,360 Capital Group,Real Estate,"199,705,000",0.01,,,
TGR,Tassal Group Ltd,Consumer Staples,"817,654,000",0.04,,,
TLS,Telstra Corporation Ltd,,"38,296,400,000",2.06,,,
TNE,Technology One Ltd,Information Technology,"2,919,020,000",0.16,,,
TPM,TPG Telecom Ltd,,"7,663,720,000",0.41,,,
TWE,Treasury Wine Estates Ltd,Consumer Staples,"7,035,010,000",0.38,,,
TZN,Terramin Australia Ltd,Materials,"86,779,100",0,,,
UMG,United Malt Group Ltd,Consumer Staples,"1,295,510,000",0.07,,,
UOS,United Overseas Australia Ltd,Real Estate,"324,492,000",0.02,,,
URF,US Masters Residential Property Fund,Real Estate,"137,185,000",0.01,,,
URW,Unibail-Rodamco-Westfield,Real Estate,"1,012,960,000",0.05,,,
VAH,Virgin Australia Holdings Ltd,Industrials,"726,289,000",0.04,,,
VCX,Vicinity Centres,Real Estate,"5,987,320,000",0.32,,,
VEA,Viva Energy Group Ltd,Energy,"3,130,700,000",0.17,,,
VHT,Volpara Health Technologies Ltd,Health Care,"350,656,000",0.02,,,
VOC,Vocus Group Ltd,,"1,867,920,000",0.1,,,
VRL,Village Roadshow Ltd,Communication Services,"409,931,000",0.02,,,
VRT,Virtus Health Ltd,Health Care,"267,698,000",0.01,,,
VTG,Vita Group Ltd,Consumer Discretionary,"178,495,000",0.01,,,
VTH,Vitalharvest Freehold Trust,Real Estate,"140,600,000",0.01,,,
VUK,Virgin Money Uk Plc,Financials,"1,624,130,000",0.09,,,
VVR,Viva Energy REIT,Real Estate,"1,905,300,000",0.1,,,
WAF,West African Resources Ltd,Materials,"731,748,000",0.04,,,
WBC,Westpac Banking Corporation,Financials,"62,698,800,000",3.37,,,
WEB,Webjet Ltd,Consumer Discretionary,"1,457,710,000",0.08,,,
WES,Wesfarmers Ltd,Consumer Discretionary,"46,101,900,000",2.48,,,
WGN,Wagners Holding Company Ltd,Materials,"213,404,000",0.01,,,
WGX,Westgold Resources Ltd,Materials,"1,000,150,000",0.05,,,
WHA,Wattle Health Australia Ltd,Consumer Staples,"105,261,000",0.01,,,
WHC,Whitehaven Coal Ltd,Energy,"1,816,100,000",0.1,,,
WJA,Wameja Ltd,Information Technology,"96,868,100",0.01,,,
WOR,Worley Ltd,Energy,"4,475,320,000",0.24,,,
WOW,Woolworths Group Ltd,Consumer Staples,"44,561,800,000",2.39,,,
WPL,Woodside Petroleum Ltd,Energy,"21,883,400,000",1.18,,,
WPP,WPP AUNZ Ltd,Communication Services,"238,603,000",0.01,,,
WSA,Western Areas Ltd,Materials,"635,699,000",0.03,,,
WTC,Wisetech Global Ltd,Information Technology,"6,520,550,000",0.35,,,
XRO,Xero Ltd,Information Technology,"12,294,400,000",0.66,,,
YAL,Yancoal Australia Ltd,Energy,"2,865,350,000",0.15,,,
Z1P,ZIP Co Ltd,Financials,"1,463,960,000",0.08,,,
ZEL,Z Energy Ltd,Energy,"1,400,000,000",0.08,,,
ZIM,Zimplats Holdings Ltd,Materials,"1,103,290,000",0.06,,,